133.4910583496,47.2642097473,92.1279129206,330.5646972656,-34.3428709574,14.2887525997,-6.4722914668,1.4510697487,399.3956043956,369.4124642888,1.455056204,266.2739726027,366.9971915937,-0.2961205647,1.8971590044,35.5511060866,0.5948067238,8.3682598039,0.1067434103,0.8932565897,1.5017594018,0.1794589839,0.0416072522,0.2504403081,7.7384747364,5.4645665559,0.5330305925,2.15,0.15,0.01,0.01,1.6019736842,1.1799022866,0.0458631986,362361.292271419,0.0124614873,4.4346537289,3.6825179844
161.5269012451,38.2507781982,83.8016960961,342.0342407227,-32.6897424306,13.814119755,-7.0237050686,1.3208149428,484.5490196078,383.2846847421,1.3208149428,250.4705882353,284.8084566478,-0.1274950064,2.1427412168,69.9605171966,0.5869913219,8.6889795918,0.103210043,0.896789957,1.5277737907,0.1758289077,0.0386846234,0.2573136037,8.4110553024,5.4174338492,0.3618554987,1.68,0.15,0.02,0.01,1.7358490566,6.3261955795,0.3226120903,2715667.60829982,0.0606431868,4.188312409,3.8790363992
144.8453369141,46.9719390869,91.9131373605,318.9461669922,-33.1512171759,12.0840639253,-6.8238407243,1.4511875442,447.8225806452,420.5067229026,1.4570391068,212.5301204819,311.1676805164,0.0952559049,2.2249036827,42.7110387202,0.404641776,8.133640553,0.1094853683,0.8905146317,2.2007481297,0.2705735661,0.0395387551,0.3185136166,7.4802702502,5.1095703609,0.6595543875,1.92,0.15,0.02,0.01,1.4439461883,6.5765515641,0.3615092875,2348984.45863815,0.1132444859,3.5318909514,2.9171769424
153.0517578125,40.4554672241,85.7419901362,339.2283325195,-30.6294732322,12.391855541,-8.1583716519,1.2525916718,521.3142857143,476.6178326158,1.2597493385,248.8068181818,377.1728672263,-0.1006370912,1.6108172293,31.7916797599,0.5165577583,8.58492569,0.1043304906,0.8956695094,1.7339193825,0.2019725557,0.036281176,0.2708090643,7.6266469776,4.8901703698,0.6709506506,1.69,0.15,0.02,0.01,1.487654321,2.3207885828,0.1631311464,254334.640052447,-0.0133893377,3.7642085664,3.3397058592
161.7051239014,43.9752311707,88.6305455965,348.1606140137,-36.4582247029,14.2850449669,-7.0919164738,1.195583316,528.5333333333,523.8197993797,1.2035538714,274.0397350993,337.0561664594,-0.322956369,1.5799946283,16.9443965881,0.7780197445,7.3490909091,0.1197735192,0.8802264808,1.1313677925,0.1539466318,0.0396433807,0.2854418485,6.1088744545,4.7519805424,0.5092590256,2.22,0.15,0.02,0.01,1.5734265734,3.6115794277,0.2642312739,466580.685067645,0.1521316606,3.6428504049,3.1111880701
138.7949676514,55.4274101257,97.6443480798,327.6582641602,-30.8598958921,11.5618505704,-8.8343236997,1.2940855497,527.6068376068,439.55620504,1.2940855497,221.9658119658,224.8199253429,-0.1640104813,1.2362503519,20.4160764217,0.3631886734,9.2816455696,0.0972606956,0.9027393044,2.4855932203,0.2677966102,0.0393727761,0.3144369218,6.875919632,5.1921653239,0.2863669598,1.55,0.15,0.01,0.01,1.5739130435,0.9446624165,0.0938736763,51308.3071775657,-0.0631039035,4.4951119585,3.251467434
170.0981140137,36.0829582214,81.7815806238,315.9491271973,-27.5431485838,11.3950054946,-5.6474891682,1.4557087612,491,382.4438334112,1.4661066809,169.3617021277,218.3666406275,-0.2783394428,1.6264481059,72.5429284508,0.2533581593,10.8409448819,0.0844527198,0.9155472802,3.613648294,0.3333333333,0.038388406,0.4029123649,8.0420919783,4.9848974644,0.277342328,2.44,0.14,0.02,0.01,1.5,0.3496797495,0.0329968688,23737.0134532366,-0.005557922,4.2721358981,3.3159506219
150.6651153564,53.2767829895,96.2741250148,332.8465270996,-38.8937378589,15.777680788,-7.5423914399,0.9048021459,514.4117647059,422.5409216275,0.9114551029,562.9197080292,1248.8892352889,-0.2342640228,1.3785974997,36.7415959312,1.0409381071,11.6199649737,0.0792395226,0.9207604774,0.8845487268,0.0761231836,0.0386634838,0.3122979992,9.8895543721,5.6245865851,1.8283524709,1.89,0.15,0.02,0.01,1.6779661017,2.516593556,0.2476479052,201004.881989637,-0.0305720802,3.2954555825,3.0382469027
176.2143249512,47.2078208923,92.0865790711,321.0810241699,-31.81098814,11.3657894216,-7.6794782415,1.324718705,450.8602150538,457.4958861416,1.3389629922,277.8723404255,343.7121270136,-0.0472375393,1.4255783273,100.0093946782,0.5007640253,9.9071428571,0.0916830386,0.9083169614,1.8138622493,0.1830863121,0.0388033193,0.3432382636,8.0012436319,4.3711863291,0.3456555366,2.02,0.15,0.02,0.01,1.6891891892,0.9754595407,0.1181688715,30046.5491151224,-0.0019676557,3.7549915673,3.4273828773
176.2143249512,47.2078208923,92.0865790711,321.0810241699,-31.81098814,11.3657894216,-7.6794782415,1.324718705,450.8602150538,457.4958861416,1.3389629922,277.8723404255,343.7121270136,-0.0472375393,1.4255783273,100.0093946782,0.5007640253,9.9071428571,0.0916830386,0.9083169614,1.8138622493,0.1830863121,0.0388033193,0.3432382636,8.0012436319,4.3711863291,0.3456555366,2.02,0.15,0.02,0.01,1.6891891892,0.9754595407,0.1181688715,30046.5491151224,-0.0019676557,3.7549915673,3.4273828773
219.2550354004,27.742307663,71.6800648918,346.5844116211,-28.4377440721,9.8364465603,-4.8262738429,1.1437062345,663.8095238095,845.5028156889,1.1545986748,188.2075471698,236.9013693733,-0.5484347956,2.0720527132,85.1203036231,0.2603045969,15.6055684455,0.0602207629,0.9397792371,3.6103059581,0.2313472893,0.0361680247,0.5725277641,5.9014710187,5.0300950696,0.2706468949,3.85,0.15,0.01,0.01,1.5813953488,1.3407190013,0.1717819044,49748.4803490747,0.1837021535,4.7073297225,3.6464086516
154.2711791992,46.8069496155,91.7913036773,347.5960083008,-26.0069062882,9.1088635283,-6.4115524777,1.459222575,495.5882352941,451.8886261567,1.459222575,167.8676470588,185.2716927373,-0.2729340177,2.0620222025,144.5973023424,0.1868103336,15.1319371728,0.0619888355,0.9380111645,5.0211952745,0.3318276581,0.0377889783,0.412619735,7.046031803,4.3399685071,0.1844052494,2.13,0.15,0.02,0.01,1.5970873786,3.7363500633,0.1707382667,894194.80675093,0.0094044434,3.8017778805,3.3983376777
242.9275970459,28.6511859894,72.7962343369,346.6958007813,-30.2433293395,11.2264635814,-5.8013772469,1.1203172352,639.4964028777,627.8825025731,1.1283770714,228.3571428571,431.2102747157,-0.0787514223,2.3762220834,180.6797706547,0.3047893949,14.59,0.0641436818,0.9358563182,3.0705015784,0.2104524728,0.038070634,0.5731346926,7.9974326765,5.2366545952,0.6226680529,3.27,0.15,0.02,0.01,1.6310679612,0.7503441202,0.0810220912,34140.3560644484,0.0914380982,4.3820341678,4.2316198585
145.3926391602,57.2919578552,98.7899410813,348.4855957031,-40.907086489,13.8593673683,-7.5143978391,1.510059456,278.2786885246,269.3628161129,1.5141853015,355.9128065395,534.1780954222,-0.2912632738,1.7663743565,15.0543722342,1.1427659768,5.3625290023,0.1571702069,0.8428297931,0.7375349023,0.1375349023,0.0404250849,0.1653931288,6.0012764274,4.4302370459,0.7340932643,1.06,0.15,0.01,0.01,1.6993006993,9.4155703568,0.2973232493,9617208.81865628,0.0060966797,3.6429256086,2.9427845353
150.1334075928,49.0065307617,93.3813341959,342.8909606934,-36.9631094599,13.7481059317,-8.970768822,1.5795837634,325.1327433628,282.9442184544,1.5795837634,286.1061946903,461.0813894745,0.04934995,2.1577954169,53.1291871236,0.8067277759,6.5483028721,0.1324801107,0.8675198893,1.0753564155,0.1642191017,0.0378931863,0.1689645266,6.9089630222,4.5753830729,0.5906641479,1.3,0.15,0.01,0.01,1.7375886525,6.2581520396,0.2024272702,4600117.34531167,-0.0086173168,3.5880165943,3.075854088
150.1334075928,49.0065307617,93.3813341959,342.8909606934,-36.9631094599,13.7481059317,-8.970768822,1.5795837634,325.1327433628,282.9442184544,1.5795837634,286.1061946903,461.0813894745,0.04934995,2.1577954169,53.1291871236,0.8067277759,6.5483028721,0.1324801107,0.8675198893,1.0753564155,0.1642191017,0.0378931863,0.1689645266,6.9089630222,4.5753830729,0.5906641479,1.3,0.15,0.01,0.01,1.7375886525,6.2581520396,0.2024272702,4600117.34531167,-0.0086173168,3.5880165943,3.075854088
150.1334075928,49.0065307617,93.3813341959,342.8908081055,-36.963109459,13.7481059322,-8.9707688209,1.5795839167,325.1327433628,282.9442184544,1.5795839167,286.1061946903,461.0813894745,0.04934995,2.1577954169,53.1291871236,0.8067277759,6.5483028721,0.1324801107,0.8675198893,1.0753564155,0.1642191017,0.0378931863,0.1689645266,6.9089630222,4.5753830729,0.5906641479,1.3,0.15,0.01,0.01,1.7375886525,6.2581520396,0.2024272702,4600117.34531167,-0.0086173168,3.5880165943,3.075854088
150.1334075928,49.0065307617,93.3813341959,342.8909606934,-36.9631094599,13.7481059317,-8.970768822,1.5795837634,325.1327433628,282.9442184544,1.5795837634,286.1061946903,461.0813894745,0.04934995,2.1577954169,53.1291871236,0.8067277759,6.5483028721,0.1324801107,0.8675198893,1.0753564155,0.1642191017,0.0378931863,0.1689645266,6.9089630222,4.5753830729,0.5906641479,1.3,0.15,0.01,0.01,1.7375886525,6.2581520396,0.2024272702,4600117.34531167,-0.0086173168,3.5880165943,3.075854088
227.9101715088,30.979850769,75.5018823862,339.7234191895,-30.9262890726,12.3145845702,-7.2251833616,1.41296372,487.1428571429,389.7617332453,1.41296372,197.0350404313,304.8429339932,0.0898886797,2.1440479651,147.0129026953,0.3519423855,9.3837336245,0.0963044735,0.9036955265,2.5677371173,0.2736370426,0.0375348135,0.3015570819,6.5678138368,4.6123280529,0.4276258026,2.07,0.15,0.01,0.01,1.5733333333,5.3744707565,0.1819304913,3256230.77847587,0.0862904088,4.3182919163,3.6733553158
1.501334075927734375e+02,4.900653076171875000e+01,9.338133419592446671e+01,3.428908081054687500e+02,-3.696310945903967848e+01,1.374810593217688925e+01,-8.970768820863613158e+00,1.579583916706070568e+00,3.251327433628318317e+02,2.829442184544168413e+02,1.579583916706070568e+00,2.861061946902654540e+02,4.610813894745025436e+02,4.934995002039549439e-02,2.157795416890277540e+00,5.312918712358163020e+01,8.067277758561054446e-01,6.548302872062662594e+00,1.324801106883431445e-01,8.675198893116569110e-01,1.075356415478614824e+00,1.642191017258012309e-01,3.789318628357868368e-02,1.689645265886140224e-01,6.908963022219086092e+00,4.575383072936076267e+00,5.906641479274042927e-01,1.300000000000000044e+00,1.499999999999999944e-01,1.000000000000000021e-02,1.000000000000000021e-02,1.737588652482269458e+00,6.258152039586362569e+00,2.024272701824303966e-01,4.600117345311665908e+06,-8.617316832417523664e-03,3.588016594276874027e+00,3.075854087993236785e+00
1.501334075927734375e+02,4.900653076171875000e+01,9.338133419592446671e+01,3.428908081054687500e+02,-3.696310945903967848e+01,1.374810593217688925e+01,-8.970768820863613158e+00,1.579583916706070568e+00,3.251327433628318317e+02,2.829442184544168413e+02,1.579583916706070568e+00,2.861061946902654540e+02,4.610813894745025436e+02,4.934995002039549439e-02,2.157795416890277540e+00,5.312918712358163020e+01,8.067277758561054446e-01,6.548302872062662594e+00,1.324801106883431445e-01,8.675198893116569110e-01,1.075356415478614824e+00,1.642191017258012309e-01,3.789318628357868368e-02,1.689645265886140224e-01,6.908963022219086092e+00,4.575383072936076267e+00,5.906641479274042927e-01,1.300000000000000044e+00,1.499999999999999944e-01,1.000000000000000021e-02,1.000000000000000021e-02,1.737588652482269458e+00,6.258152039586362569e+00,2.024272701824303966e-01,4.600117345311665908e+06,-8.617316832417523664e-03,3.588016594276874027e+00,3.075854087993236785e+00
1.501334075927734375e+02,4.900653076171875000e+01,9.338133419592446671e+01,3.428908081054687500e+02,-3.696310945903967848e+01,1.374810593217688925e+01,-8.970768820863613158e+00,1.579583916706070568e+00,3.251327433628318317e+02,2.829442184544168413e+02,1.579583916706070568e+00,2.861061946902654540e+02,4.610813894745025436e+02,4.934995002039549439e-02,2.157795416890277540e+00,5.312918712358163020e+01,8.067277758561054446e-01,6.548302872062662594e+00,1.324801106883431445e-01,8.675198893116569110e-01,1.075356415478614824e+00,1.642191017258012309e-01,3.789318628357868368e-02,1.689645265886140224e-01,6.908963022219086092e+00,4.575383072936076267e+00,5.906641479274042927e-01,1.300000000000000044e+00,1.499999999999999944e-01,1.000000000000000021e-02,1.000000000000000021e-02,1.737588652482269458e+00,6.258152039586362569e+00,2.024272701824303966e-01,4.600117345311665908e+06,-8.617316832417523664e-03,3.588016594276874027e+00,3.075854087993236785e+00
1.501334075927734375e+02,4.900653076171875000e+01,9.338133419592446671e+01,3.428908081054687500e+02,-3.696310945903967848e+01,1.374810593217688925e+01,-8.970768820863613158e+00,1.579583916706070568e+00,3.251327433628318317e+02,2.829442184544168413e+02,1.579583916706070568e+00,2.861061946902654540e+02,4.610813894745025436e+02,4.934995002039549439e-02,2.157795416890277540e+00,5.312918712358163020e+01,8.067277758561054446e-01,6.548302872062662594e+00,1.324801106883431445e-01,8.675198893116569110e-01,1.075356415478614824e+00,1.642191017258012309e-01,3.789318628357868368e-02,1.689645265886140224e-01,6.908963022219086092e+00,4.575383072936076267e+00,5.906641479274042927e-01,1.300000000000000044e+00,1.499999999999999944e-01,1.000000000000000021e-02,1.000000000000000021e-02,1.737588652482269458e+00,6.258152039586362569e+00,2.024272701824303966e-01,4.600117345311665908e+06,-8.617316832417523664e-03,3.588016594276874027e+00,3.075854087993236785e+00
1.501334075927734375e+02,4.900653076171875000e+01,9.338133419592446671e+01,3.428908081054687500e+02,-3.696310945903967848e+01,1.374810593217688925e+01,-8.970768820863613158e+00,1.579583916706070568e+00,3.251327433628318317e+02,2.829442184544168413e+02,1.579583916706070568e+00,2.861061946902654540e+02,4.610813894745025436e+02,4.934995002039549439e-02,2.157795416890277540e+00,5.312918712358163020e+01,8.067277758561054446e-01,6.548302872062662594e+00,1.324801106883431445e-01,8.675198893116569110e-01,1.075356415478614824e+00,1.642191017258012309e-01,3.789318628357868368e-02,1.689645265886140224e-01,6.908963022219086092e+00,4.575383072936076267e+00,5.906641479274042927e-01,1.300000000000000044e+00,1.499999999999999944e-01,1.000000000000000021e-02,1.000000000000000021e-02,1.737588652482269458e+00,6.258152039586362569e+00,2.024272701824303966e-01,4.600117345311665908e+06,-8.617316832417523664e-03,3.588016594276874027e+00,3.075854087993236785e+00
1.501334075927734375e+02,4.900653076171875000e+01,9.338133419592446671e+01,3.428908081054687500e+02,-3.696310945903967848e+01,1.374810593217688925e+01,-8.970768820863613158e+00,1.579583916706070568e+00,3.251327433628318317e+02,2.829442184544168413e+02,1.579583916706070568e+00,2.861061946902654540e+02,4.610813894745025436e+02,4.934995002039549439e-02,2.157795416890277540e+00,5.312918712358163020e+01,8.067277758561054446e-01,6.548302872062662594e+00,1.324801106883431445e-01,8.675198893116569110e-01,1.075356415478614824e+00,1.642191017258012309e-01,3.789318628357868368e-02,1.689645265886140224e-01,6.908963022219086092e+00,4.575383072936076267e+00,5.906641479274042927e-01,1.300000000000000044e+00,1.499999999999999944e-01,1.000000000000000021e-02,1.000000000000000021e-02,1.737588652482269458e+00,6.258152039586362569e+00,2.024272701824303966e-01,4.600117345311665908e+06,-8.617316832417523664e-03,3.588016594276874027e+00,3.075854087993236785e+00
1.501334075927734375e+02,4.900653076171875000e+01,9.338133419592446671e+01,3.428908081054687500e+02,-3.696310945903967848e+01,1.374810593217688925e+01,-8.970768820863613158e+00,1.579583916706070568e+00,3.251327433628318317e+02,2.829442184544168413e+02,1.579583916706070568e+00,2.861061946902654540e+02,4.610813894745025436e+02,4.934995002039549439e-02,2.157795416890277540e+00,5.312918712358163020e+01,8.067277758561054446e-01,6.548302872062662594e+00,1.324801106883431445e-01,8.675198893116569110e-01,1.075356415478614824e+00,1.642191017258012309e-01,3.789318628357868368e-02,1.689645265886140224e-01,6.908963022219086092e+00,4.575383072936076267e+00,5.906641479274042927e-01,1.300000000000000044e+00,1.499999999999999944e-01,1.000000000000000021e-02,1.000000000000000021e-02,1.737588652482269458e+00,6.258152039586362569e+00,2.024272701824303966e-01,4.600117345311665908e+06,-8.617316832417523664e-03,3.588016594276874027e+00,3.075854087993236785e+00
1.501334075927734375e+02,4.900653076171875000e+01,9.338133419592446671e+01,3.428908081054687500e+02,-3.696310945903967848e+01,1.374810593217688925e+01,-8.970768820863613158e+00,1.579583916706070568e+00,3.251327433628318317e+02,2.829442184544168413e+02,1.579583916706070568e+00,2.861061946902654540e+02,4.610813894745025436e+02,4.934995002039549439e-02,2.157795416890277540e+00,5.312918712358163020e+01,8.067277758561054446e-01,6.548302872062662594e+00,1.324801106883431445e-01,8.675198893116569110e-01,1.075356415478614824e+00,1.642191017258012309e-01,3.789318628357868368e-02,1.689645265886140224e-01,6.908963022219086092e+00,4.575383072936076267e+00,5.906641479274042927e-01,1.300000000000000044e+00,1.499999999999999944e-01,1.000000000000000021e-02,1.000000000000000021e-02,1.737588652482269458e+00,6.258152039586362569e+00,2.024272701824303966e-01,4.600117345311665908e+06,-8.617316832417523664e-03,3.588016594276874027e+00,3.075854087993236785e+00
1.501334075927734375e+02,4.900653076171875000e+01,9.338133419592446671e+01,3.428908081054687500e+02,-3.696310945903967848e+01,1.374810593217688925e+01,-8.970768820863613158e+00,1.579583916706070568e+00,3.251327433628318317e+02,2.829442184544168413e+02,1.579583916706070568e+00,2.861061946902654540e+02,4.610813894745025436e+02,4.934995002039549439e-02,2.157795416890277540e+00,5.312918712358163020e+01,8.067277758561054446e-01,6.548302872062662594e+00,1.324801106883431445e-01,8.675198893116569110e-01,1.075356415478614824e+00,1.642191017258012309e-01,3.789318628357868368e-02,1.689645265886140224e-01,6.908963022219086092e+00,4.575383072936076267e+00,5.906641479274042927e-01,1.300000000000000044e+00,1.499999999999999944e-01,1.000000000000000021e-02,1.000000000000000021e-02,1.737588652482269458e+00,6.258152039586362569e+00,2.024272701824303966e-01,4.600117345311665908e+06,-8.617316832417523664e-03,3.588016594276874027e+00,3.075854087993236785e+00
1.501334075927734375e+02,4.900653076171875000e+01,9.338133419592446671e+01,3.428908081054687500e+02,-3.696310945903967848e+01,1.374810593217688925e+01,-8.970768820863613158e+00,1.579583916706070568e+00,3.251327433628318317e+02,2.829442184544168413e+02,1.579583916706070568e+00,2.861061946902654540e+02,4.610813894745025436e+02,4.934995002039549439e-02,2.157795416890277540e+00,5.312918712358163020e+01,8.067277758561054446e-01,6.548302872062662594e+00,1.324801106883431445e-01,8.675198893116569110e-01,1.075356415478614824e+00,1.642191017258012309e-01,3.789318628357868368e-02,1.689645265886140224e-01,6.908963022219086092e+00,4.575383072936076267e+00,5.906641479274042927e-01,1.300000000000000044e+00,1.499999999999999944e-01,1.000000000000000021e-02,1.000000000000000021e-02,1.737588652482269458e+00,6.258152039586362569e+00,2.024272701824303966e-01,4.600117345311665908e+06,-8.617316832417523664e-03,3.588016594276874027e+00,3.075854087993236785e+00
1.501334075927734375e+02,4.900653076171875000e+01,9.338133419592446671e+01,3.428908081054687500e+02,-3.696310945903967848e+01,1.374810593217688925e+01,-8.970768820863613158e+00,1.579583916706070568e+00,3.251327433628318317e+02,2.829442184544168413e+02,1.579583916706070568e+00,2.861061946902654540e+02,4.610813894745025436e+02,4.934995002039549439e-02,2.157795416890277540e+00,5.312918712358163020e+01,8.067277758561054446e-01,6.548302872062662594e+00,1.324801106883431445e-01,8.675198893116569110e-01,1.075356415478614824e+00,1.642191017258012309e-01,3.789318628357868368e-02,1.689645265886140224e-01,6.908963022219086092e+00,4.575383072936076267e+00,5.906641479274042927e-01,1.300000000000000044e+00,1.499999999999999944e-01,1.000000000000000021e-02,1.000000000000000021e-02,1.737588652482269458e+00,6.258152039586362569e+00,2.024272701824303966e-01,4.600117345311665908e+06,-8.617316832417523664e-03,3.588016594276874027e+00,3.075854087993236785e+00
1.501334075927734375e+02,4.900653076171875000e+01,9.338133419592446671e+01,3.428908081054687500e+02,-3.696310945903967848e+01,1.374810593217688925e+01,-8.970768820863613158e+00,1.579583916706070568e+00,3.251327433628318317e+02,2.829442184544168413e+02,1.579583916706070568e+00,2.861061946902654540e+02,4.610813894745025436e+02,4.934995002039549439e-02,2.157795416890277540e+00,5.312918712358163020e+01,8.067277758561054446e-01,6.548302872062662594e+00,1.324801106883431445e-01,8.675198893116569110e-01,1.075356415478614824e+00,1.642191017258012309e-01,3.789318628357868368e-02,1.689645265886140224e-01,6.908963022219086092e+00,4.575383072936076267e+00,5.906641479274042927e-01,1.300000000000000044e+00,1.499999999999999944e-01,1.000000000000000021e-02,1.000000000000000021e-02,1.737588652482269458e+00,6.258152039586362569e+00,2.024272701824303966e-01,4.600117345311665908e+06,-8.617316832417523664e-03,3.588016594276874027e+00,3.075854087993236785e+00
1.501334075927734375e+02,4.900653076171875000e+01,9.338133419592446671e+01,3.428908081054687500e+02,-3.696310945903967848e+01,1.374810593217688925e+01,-8.970768820863613158e+00,1.579583916706070568e+00,3.251327433628318317e+02,2.829442184544168413e+02,1.579583916706070568e+00,2.861061946902654540e+02,4.610813894745025436e+02,4.934995002039549439e-02,2.157795416890277540e+00,5.312918712358163020e+01,8.067277758561054446e-01,6.548302872062662594e+00,1.324801106883431445e-01,8.675198893116569110e-01,1.075356415478614824e+00,1.642191017258012309e-01,3.789318628357868368e-02,1.689645265886140224e-01,6.908963022219086092e+00,4.575383072936076267e+00,5.906641479274042927e-01,1.300000000000000044e+00,1.499999999999999944e-01,1.000000000000000021e-02,1.000000000000000021e-02,1.737588652482269458e+00,6.258152039586362569e+00,2.024272701824303966e-01,4.600117345311665908e+06,-8.617316832417523664e-03,3.588016594276874027e+00,3.075854087993236785e+00
1.501334075927734375e+02,4.900653076171875000e+01,9.338133419592446671e+01,3.428908081054687500e+02,-3.696310945903967848e+01,1.374810593217688925e+01,-8.970768820863613158e+00,1.579583916706070568e+00,3.251327433628318317e+02,2.829442184544168413e+02,1.579583916706070568e+00,2.861061946902654540e+02,4.610813894745025436e+02,4.934995002039549439e-02,2.157795416890277540e+00,5.312918712358163020e+01,8.067277758561054446e-01,6.548302872062662594e+00,1.324801106883431445e-01,8.675198893116569110e-01,1.075356415478614824e+00,1.642191017258012309e-01,3.789318628357868368e-02,1.689645265886140224e-01,6.908963022219086092e+00,4.575383072936076267e+00,5.906641479274042927e-01,1.300000000000000044e+00,1.499999999999999944e-01,1.000000000000000021e-02,1.000000000000000021e-02,1.737588652482269458e+00,6.258152039586362569e+00,2.024272701824303966e-01,4.600117345311665908e+06,-8.617316832417523664e-03,3.588016594276874027e+00,3.075854087993236785e+00
1.501334075927734375e+02,4.900653076171875000e+01,9.338133419592446671e+01,3.428908081054687500e+02,-3.696310945903967848e+01,1.374810593217688925e+01,-8.970768820863613158e+00,1.579583916706070568e+00,3.251327433628318317e+02,2.829442184544168413e+02,1.579583916706070568e+00,2.861061946902654540e+02,4.610813894745025436e+02,4.934995002039549439e-02,2.157795416890277540e+00,5.312918712358163020e+01,8.067277758561054446e-01,6.548302872062662594e+00,1.324801106883431445e-01,8.675198893116569110e-01,1.075356415478614824e+00,1.642191017258012309e-01,3.789318628357868368e-02,1.689645265886140224e-01,6.908963022219086092e+00,4.575383072936076267e+00,5.906641479274042927e-01,1.300000000000000044e+00,1.499999999999999944e-01,1.000000000000000021e-02,1.000000000000000021e-02,1.737588652482269458e+00,6.258152039586362569e+00,2.024272701824303966e-01,4.600117345311665908e+06,-8.617316832417523664e-03,3.588016594276874027e+00,3.075854087993236785e+00
1.501334075927734375e+02,4.900653076171875000e+01,9.338133419592446671e+01,3.428908081054687500e+02,-3.696310945903967848e+01,1.374810593217688925e+01,-8.970768820863613158e+00,1.579583916706070568e+00,3.251327433628318317e+02,2.829442184544168413e+02,1.579583916706070568e+00,2.861061946902654540e+02,4.610813894745025436e+02,4.934995002039549439e-02,2.157795416890277540e+00,5.312918712358163020e+01,8.067277758561054446e-01,6.548302872062662594e+00,1.324801106883431445e-01,8.675198893116569110e-01,1.075356415478614824e+00,1.642191017258012309e-01,3.789318628357868368e-02,1.689645265886140224e-01,6.908963022219086092e+00,4.575383072936076267e+00,5.906641479274042927e-01,1.300000000000000044e+00,1.499999999999999944e-01,1.000000000000000021e-02,1.000000000000000021e-02,1.737588652482269458e+00,6.258152039586362569e+00,2.024272701824303966e-01,4.600117345311665908e+06,-8.617316832417523664e-03,3.588016594276874027e+00,3.075854087993236785e+00
1.501334075927734375e+02,4.900653076171875000e+01,9.338133419592446671e+01,3.428908081054687500e+02,-3.696310945903967848e+01,1.374810593217688925e+01,-8.970768820863613158e+00,1.579583916706070568e+00,3.251327433628318317e+02,2.829442184544168413e+02,1.579583916706070568e+00,2.861061946902654540e+02,4.610813894745025436e+02,4.934995002039549439e-02,2.157795416890277540e+00,5.312918712358163020e+01,8.067277758561054446e-01,6.548302872062662594e+00,1.324801106883431445e-01,8.675198893116569110e-01,1.075356415478614824e+00,1.642191017258012309e-01,3.789318628357868368e-02,1.689645265886140224e-01,6.908963022219086092e+00,4.575383072936076267e+00,5.906641479274042927e-01,1.300000000000000044e+00,1.499999999999999944e-01,1.000000000000000021e-02,1.000000000000000021e-02,1.737588652482269458e+00,6.258152039586362569e+00,2.024272701824303966e-01,4.600117345311665908e+06,-8.617316832417523664e-03,3.588016594276874027e+00,3.075854087993236785e+00
1.501334075927734375e+02,4.900653076171875000e+01,9.338133419592446671e+01,3.428908081054687500e+02,-3.696310945903967848e+01,1.374810593217688925e+01,-8.970768820863613158e+00,1.579583916706070568e+00,3.251327433628318317e+02,2.829442184544168413e+02,1.579583916706070568e+00,2.861061946902654540e+02,4.610813894745025436e+02,4.934995002039549439e-02,2.157795416890277540e+00,5.312918712358163020e+01,8.067277758561054446e-01,6.548302872062662594e+00,1.324801106883431445e-01,8.675198893116569110e-01,1.075356415478614824e+00,1.642191017258012309e-01,3.789318628357868368e-02,1.689645265886140224e-01,6.908963022219086092e+00,4.575383072936076267e+00,5.906641479274042927e-01,1.300000000000000044e+00,1.499999999999999944e-01,1.000000000000000021e-02,1.000000000000000021e-02,1.737588652482269458e+00,6.258152039586362569e+00,2.024272701824303966e-01,4.600117345311665908e+06,-8.617316832417523664e-03,3.588016594276874027e+00,3.075854087993236785e+00
1.501334075927734375e+02,4.900653076171875000e+01,9.338133419592446671e+01,3.428908081054687500e+02,-3.696310945903967848e+01,1.374810593217688925e+01,-8.970768820863613158e+00,1.579583916706070568e+00,3.251327433628318317e+02,2.829442184544168413e+02,1.579583916706070568e+00,2.861061946902654540e+02,4.610813894745025436e+02,4.934995002039549439e-02,2.157795416890277540e+00,5.312918712358163020e+01,8.067277758561054446e-01,6.548302872062662594e+00,1.324801106883431445e-01,8.675198893116569110e-01,1.075356415478614824e+00,1.642191017258012309e-01,3.789318628357868368e-02,1.689645265886140224e-01,6.908963022219086092e+00,4.575383072936076267e+00,5.906641479274042927e-01,1.300000000000000044e+00,1.499999999999999944e-01,1.000000000000000021e-02,1.000000000000000021e-02,1.737588652482269458e+00,6.258152039586362569e+00,2.024272701824303966e-01,4.600117345311665908e+06,-8.617316832417523664e-03,3.588016594276874027e+00,3.075854087993236785e+00
1.615269012451171875e+02,3.825077819824218750e+01,8.380169609609981762e+01,3.420342407226562500e+02,-3.268974243091730614e+01,1.381411975484208909e+01,-7.023705069017408320e+00,1.320815085348502560e+00,4.845490196078431495e+02,3.832846847421147913e+02,1.320815085348502560e+00,2.504705882352940876e+02,2.848084566477711519e+02,-1.277502482165309705e-01,2.142519770673643631e+00,7.002213706786648117e+01,5.868081880212281387e-01,8.690612244897959471e+00,1.031926543677870317e-01,8.968073456322129822e-01,1.528280218202699103e+00,1.758541487223657940e-01,3.868462341809267291e-02,2.573074222067531225e-01,8.585868202500174462e+00,5.430526095939611331e+00,3.618352397718342384e-01,1.679999999999999938e+00,1.499999999999999944e-01,2.000000000000000042e-02,1.000000000000000021e-02,1.000000000000000000e+00,6.281114734845162140e+00,3.210872343374340243e-01,2.681961670801375993e+06,6.129997017549968646e-02,4.219771886126170379e+00,3.882637119925254954e+00
1.615269012451171875e+02,3.825077819824218750e+01,8.380169609609981762e+01,3.420342407226562500e+02,-3.268974243091730614e+01,1.381411975484208909e+01,-7.023705069017408320e+00,1.320815085348502560e+00,4.845490196078431495e+02,3.832846847421147913e+02,1.320815085348502560e+00,2.504705882352940876e+02,2.848084566477711519e+02,-1.277502482165309705e-01,2.142519770673643631e+00,7.002213706786648117e+01,5.868081880212281387e-01,8.690612244897959471e+00,1.031926543677870317e-01,8.968073456322129822e-01,1.528280218202699103e+00,1.758541487223657940e-01,3.868462341809267291e-02,2.573074222067531225e-01,8.585868202500174462e+00,5.430526095939611331e+00,3.618352397718342384e-01,1.679999999999999938e+00,1.499999999999999944e-01,2.000000000000000042e-02,1.000000000000000021e-02,1.000000000000000000e+00,6.281114734845162140e+00,3.210872343374340243e-01,2.681961670801375993e+06,6.129997017549968646e-02,4.219771886126170379e+00,3.882637119925254954e+00
1.615269012451171875e+02,3.825077819824218750e+01,8.380169609609981762e+01,3.420342407226562500e+02,-3.268974243091730614e+01,1.381411975484208909e+01,-7.023705069017408320e+00,1.320815085348502560e+00,4.845490196078431495e+02,3.832846847421147913e+02,1.320815085348502560e+00,2.504705882352940876e+02,2.848084566477711519e+02,-1.277502482165309705e-01,2.142519770673643631e+00,7.002213706786648117e+01,5.868081880212281387e-01,8.690612244897959471e+00,1.031926543677870317e-01,8.968073456322129822e-01,1.528280218202699103e+00,1.758541487223657940e-01,3.868462341809267291e-02,2.573074222067531225e-01,8.585868202500174462e+00,5.430526095939611331e+00,3.618352397718342384e-01,1.679999999999999938e+00,1.499999999999999944e-01,2.000000000000000042e-02,1.000000000000000021e-02,1.000000000000000000e+00,6.281114734845162140e+00,3.210872343374340243e-01,2.681961670801375993e+06,6.129997017549968646e-02,4.219771886126170379e+00,3.882637119925254954e+00
1.615269012451171875e+02,3.825077819824218750e+01,8.380169609609981762e+01,3.420342407226562500e+02,-3.268974243091730614e+01,1.381411975484208909e+01,-7.023705069017408320e+00,1.320815085348502560e+00,4.845490196078431495e+02,3.832846847421147913e+02,1.320815085348502560e+00,2.504705882352940876e+02,2.848084566477711519e+02,-1.277502482165309705e-01,2.142519770673643631e+00,7.002213706786648117e+01,5.868081880212281387e-01,8.690612244897959471e+00,1.031926543677870317e-01,8.968073456322129822e-01,1.528280218202699103e+00,1.758541487223657940e-01,3.868462341809267291e-02,2.573074222067531225e-01,8.585868202500174462e+00,5.430526095939611331e+00,3.618352397718342384e-01,1.679999999999999938e+00,1.499999999999999944e-01,2.000000000000000042e-02,1.000000000000000021e-02,1.000000000000000000e+00,6.281114734845162140e+00,3.210872343374340243e-01,2.681961670801375993e+06,6.129997017549968646e-02,4.219771886126170379e+00,3.882637119925254954e+00
1.615269012451171875e+02,3.825077819824218750e+01,8.380169609609981762e+01,3.420342407226562500e+02,-3.268974243091730614e+01,1.381411975484208909e+01,-7.023705069017408320e+00,1.320815085348502560e+00,4.845490196078431495e+02,3.832846847421147913e+02,1.320815085348502560e+00,2.504705882352940876e+02,2.848084566477711519e+02,-1.277502482165309705e-01,2.142519770673643631e+00,7.002213706786648117e+01,5.868081880212281387e-01,8.690612244897959471e+00,1.031926543677870317e-01,8.968073456322129822e-01,1.528280218202699103e+00,1.758541487223657940e-01,3.868462341809267291e-02,2.573074222067531225e-01,8.585868202500174462e+00,5.430526095939611331e+00,3.618352397718342384e-01,1.679999999999999938e+00,1.499999999999999944e-01,2.000000000000000042e-02,1.000000000000000021e-02,1.000000000000000000e+00,6.281114734845162140e+00,3.210872343374340243e-01,2.681961670801375993e+06,6.129997017549968646e-02,4.219771886126170379e+00,3.882637119925254954e+00
1.615269012451171875e+02,3.825077819824218750e+01,8.380169609609981762e+01,3.420342407226562500e+02,-3.268974243091730614e+01,1.381411975484208909e+01,-7.023705069017408320e+00,1.320815085348502560e+00,4.845490196078431495e+02,3.832846847421147913e+02,1.320815085348502560e+00,2.504705882352940876e+02,2.848084566477711519e+02,-1.277502482165309705e-01,2.142519770673643631e+00,7.002213706786648117e+01,5.868081880212281387e-01,8.690612244897959471e+00,1.031926543677870317e-01,8.968073456322129822e-01,1.528280218202699103e+00,1.758541487223657940e-01,3.868462341809267291e-02,2.573074222067531225e-01,8.585868202500174462e+00,5.430526095939611331e+00,3.618352397718342384e-01,1.679999999999999938e+00,1.499999999999999944e-01,2.000000000000000042e-02,1.000000000000000021e-02,1.000000000000000000e+00,6.281114734845162140e+00,3.210872343374340243e-01,2.681961670801375993e+06,6.129997017549968646e-02,4.219771886126170379e+00,3.882637119925254954e+00
1.615269012451171875e+02,3.825077819824218750e+01,8.380169609609981762e+01,3.420342407226562500e+02,-3.268974243091730614e+01,1.381411975484208909e+01,-7.023705069017408320e+00,1.320815085348502560e+00,4.845490196078431495e+02,3.832846847421147913e+02,1.320815085348502560e+00,2.504705882352940876e+02,2.848084566477711519e+02,-1.277502482165309705e-01,2.142519770673643631e+00,7.002213706786648117e+01,5.868081880212281387e-01,8.690612244897959471e+00,1.031926543677870317e-01,8.968073456322129822e-01,1.528280218202699103e+00,1.758541487223657940e-01,3.868462341809267291e-02,2.573074222067531225e-01,8.585868202500174462e+00,5.430526095939611331e+00,3.618352397718342384e-01,1.679999999999999938e+00,1.499999999999999944e-01,2.000000000000000042e-02,1.000000000000000021e-02,1.000000000000000000e+00,6.281114734845162140e+00,3.210872343374340243e-01,2.681961670801375993e+06,6.129997017549968646e-02,4.219771886126170379e+00,3.882637119925254954e+00
